{"cameraMode":{"drawMode":0,"name":"Shaded","section":"Shading Mode"},"sceneLighting":false,"audioPlay":false,"sceneViewState":{"showFog":true,"showMaterialUpdate":false,"showSkybox":false,"showFlares":true,"showImageEffects":true,"showParticleSystems":true},"in2DMode":false,"pivot":{"x":0.8579999804496765,"y":1.1710000038146973,"z":0.27799999713897707},"rotation":{"x":-0.0006280126981437206,"y":0.984215259552002,"z":-0.1772853434085846,"w":-0.004029774572700262},"size":0.15819412469863892,"orthographic":false}