{"cameraMode":{"drawMode":0,"name":"Shaded","section":"Shading Mode"},"sceneLighting":true,"audioPlay":false,"sceneViewState":{"showFog":true,"showMaterialUpdate":false,"showSkybox":true,"showFlares":true,"showImageEffects":true,"showParticleSystems":true},"in2DMode":false,"pivot":{"x":-15.202651977539063,"y":-5.130472660064697,"z":3.1552281379699709},"rotation":{"x":-0.14461086690425874,"y":0.6389731168746948,"z":-0.12409867346286774,"w":-0.7453527450561523},"size":22.0,"orthographic":false}